{"cameraMode":{"drawMode":0,"name":"Shaded","section":"Shading Mode"},"sceneLighting":true,"audioPlay":false,"sceneViewState":{"showFog":true,"showMaterialUpdate":true,"showSkybox":true,"showFlares":true,"showImageEffects":true,"showParticleSystems":true},"in2DMode":false,"pivot":{"x":3.618478775024414,"y":0.6922497749328613,"z":2.3082306385040285},"rotation":{"x":-0.11747072637081146,"y":0.8812153935432434,"z":-0.34839707612991335,"w":-0.297123521566391},"size":1.3545728921890259,"orthographic":true}